{
    "times": "1768942993.138725",
    "tiktime": 1768942993.031425,
    "dbcd": 4,
    "dbnum": 100
}